X,Y,RETICLE_SHOT,COL|ROW
42.554,-84.309,S-3_-3,C1R3
39.963,-84.309,S-3_-3,C1R4
37.372,-84.309,S-3_-3,C1R5
46.44,-80.309,S-3_-3,C2R2
42.554,-80.309,S-3_-3,C2R3
39.963,-80.309,S-3_-3,C2R4
37.372,-80.309,S-3_-3,C2R5
51.622,-76.309,S-3_-3,C3R1
46.44,-76.309,S-3_-3,C3R2
42.554,-76.309,S-3_-3,C3R3
39.963,-76.309,S-3_-3,C3R4
37.372,-76.309,S-3_-3,C3R5
56.804,-72.309,S-3_-3,C4R0
51.622,-72.309,S-3_-3,C4R1
46.44,-72.309,S-3_-3,C4R2
42.554,-72.309,S-3_-3,C4R3
39.963,-72.309,S-3_-3,C4R4
37.372,-72.309,S-3_-3,C4R5
56.804,-68.309,S-3_-3,C5R0
51.622,-68.309,S-3_-3,C5R1
46.44,-68.309,S-3_-3,C5R2
42.554,-68.309,S-3_-3,C5R3
39.963,-68.309,S-3_-3,C5R4
37.372,-68.309,S-3_-3,C5R5
56.804,-65.309,S-3_-3,C6R0
51.622,-65.309,S-3_-3,C6R1
46.44,-65.309,S-3_-3,C6R2
42.554,-65.309,S-3_-3,C6R3
39.963,-65.309,S-3_-3,C6R4
37.372,-65.309,S-3_-3,C6R5
56.804,-63.309,S-3_-3,C7R0
51.622,-63.309,S-3_-3,C7R1
46.44,-63.309,S-3_-3,C7R2
42.554,-63.309,S-3_-3,C7R3
39.963,-63.309,S-3_-3,C7R4
37.372,-63.309,S-3_-3,C7R5
56.804,-61.309,S-3_-3,C8R0
51.622,-61.309,S-3_-3,C8R1
46.44,-61.309,S-3_-3,C8R2
42.554,-61.309,S-3_-3,C8R3
39.963,-61.309,S-3_-3,C8R4
37.372,-61.309,S-3_-3,C8R5
33.046,-88.309,S-3_-2,C0R0
27.864,-88.309,S-3_-2,C0R1
22.682,-88.309,S-3_-2,C0R2
18.796,-88.309,S-3_-2,C0R3
16.205,-88.309,S-3_-2,C0R4
13.614,-88.309,S-3_-2,C0R5
33.046,-84.309,S-3_-2,C1R0
27.864,-84.309,S-3_-2,C1R1
22.682,-84.309,S-3_-2,C1R2
18.796,-84.309,S-3_-2,C1R3
16.205,-84.309,S-3_-2,C1R4
13.614,-84.309,S-3_-2,C1R5
33.046,-80.309,S-3_-2,C2R0
27.864,-80.309,S-3_-2,C2R1
22.682,-80.309,S-3_-2,C2R2
18.796,-80.309,S-3_-2,C2R3
16.205,-80.309,S-3_-2,C2R4
13.614,-80.309,S-3_-2,C2R5
33.046,-76.309,S-3_-2,C3R0
27.864,-76.309,S-3_-2,C3R1
22.682,-76.309,S-3_-2,C3R2
18.796,-76.309,S-3_-2,C3R3
16.205,-76.309,S-3_-2,C3R4
13.614,-76.309,S-3_-2,C3R5
33.046,-72.309,S-3_-2,C4R0
27.864,-72.309,S-3_-2,C4R1
22.682,-72.309,S-3_-2,C4R2
18.796,-72.309,S-3_-2,C4R3
16.205,-72.309,S-3_-2,C4R4
13.614,-72.309,S-3_-2,C4R5
33.046,-68.309,S-3_-2,C5R0
27.864,-68.309,S-3_-2,C5R1
22.682,-68.309,S-3_-2,C5R2
18.796,-68.309,S-3_-2,C5R3
16.205,-68.309,S-3_-2,C5R4
13.614,-68.309,S-3_-2,C5R5
33.046,-65.309,S-3_-2,C6R0
27.864,-65.309,S-3_-2,C6R1
22.682,-65.309,S-3_-2,C6R2
18.796,-65.309,S-3_-2,C6R3
16.205,-65.309,S-3_-2,C6R4
13.614,-65.309,S-3_-2,C6R5
33.046,-63.309,S-3_-2,C7R0
27.864,-63.309,S-3_-2,C7R1
22.682,-63.309,S-3_-2,C7R2
18.796,-63.309,S-3_-2,C7R3
16.205,-63.309,S-3_-2,C7R4
13.614,-63.309,S-3_-2,C7R5
33.046,-61.309,S-3_-2,C8R0
27.864,-61.309,S-3_-2,C8R1
22.682,-61.309,S-3_-2,C8R2
18.796,-61.309,S-3_-2,C8R3
16.205,-61.309,S-3_-2,C8R4
13.614,-61.309,S-3_-2,C8R5
9.288,-88.309,S-3_-1,C0R0
4.106,-88.309,S-3_-1,C0R1
-1.076,-88.309,S-3_-1,C0R2
-4.962,-88.309,S-3_-1,C0R3
-7.553,-88.309,S-3_-1,C0R4
-10.144,-88.309,S-3_-1,C0R5
9.288,-84.309,S-3_-1,C1R0
4.106,-84.309,S-3_-1,C1R1
-1.076,-84.309,S-3_-1,C1R2
-4.962,-84.309,S-3_-1,C1R3
-7.553,-84.309,S-3_-1,C1R4
-10.144,-84.309,S-3_-1,C1R5
9.288,-80.309,S-3_-1,C2R0
4.106,-80.309,S-3_-1,C2R1
-1.076,-80.309,S-3_-1,C2R2
-4.962,-80.309,S-3_-1,C2R3
-7.553,-80.309,S-3_-1,C2R4
-10.144,-80.309,S-3_-1,C2R5
9.288,-76.309,S-3_-1,C3R0
4.106,-76.309,S-3_-1,C3R1
-1.076,-76.309,S-3_-1,C3R2
-4.962,-76.309,S-3_-1,C3R3
-7.553,-76.309,S-3_-1,C3R4
-10.144,-76.309,S-3_-1,C3R5
9.288,-72.309,S-3_-1,C4R0
4.106,-72.309,S-3_-1,C4R1
-1.076,-72.309,S-3_-1,C4R2
-4.962,-72.309,S-3_-1,C4R3
-7.553,-72.309,S-3_-1,C4R4
-10.144,-72.309,S-3_-1,C4R5
9.288,-68.309,S-3_-1,C5R0
4.106,-68.309,S-3_-1,C5R1
-1.076,-68.309,S-3_-1,C5R2
-4.962,-68.309,S-3_-1,C5R3
-7.553,-68.309,S-3_-1,C5R4
-10.144,-68.309,S-3_-1,C5R5
9.288,-65.309,S-3_-1,C6R0
4.106,-65.309,S-3_-1,C6R1
-1.076,-65.309,S-3_-1,C6R2
-4.962,-65.309,S-3_-1,C6R3
-7.553,-65.309,S-3_-1,C6R4
-10.144,-65.309,S-3_-1,C6R5
9.288,-63.309,S-3_-1,C7R0
4.106,-63.309,S-3_-1,C7R1
-1.076,-63.309,S-3_-1,C7R2
-4.962,-63.309,S-3_-1,C7R3
-7.553,-63.309,S-3_-1,C7R4
-10.144,-63.309,S-3_-1,C7R5
9.288,-61.309,S-3_-1,C8R0
4.106,-61.309,S-3_-1,C8R1
-1.076,-61.309,S-3_-1,C8R2
-4.962,-61.309,S-3_-1,C8R3
-7.553,-61.309,S-3_-1,C8R4
-10.144,-61.309,S-3_-1,C8R5
-14.47,-88.309,S-3_0,C0R0
-19.652,-88.309,S-3_0,C0R1
-24.834,-88.309,S-3_0,C0R2
-28.721,-88.309,S-3_0,C0R3
-31.311,-88.309,S-3_0,C0R4
-33.902,-88.309,S-3_0,C0R5
-14.47,-84.309,S-3_0,C1R0
-19.652,-84.309,S-3_0,C1R1
-24.834,-84.309,S-3_0,C1R2
-28.721,-84.309,S-3_0,C1R3
-31.311,-84.309,S-3_0,C1R4
-33.902,-84.309,S-3_0,C1R5
-14.47,-80.309,S-3_0,C2R0
-19.652,-80.309,S-3_0,C2R1
-24.834,-80.309,S-3_0,C2R2
-28.721,-80.309,S-3_0,C2R3
-31.311,-80.309,S-3_0,C2R4
-33.902,-80.309,S-3_0,C2R5
-14.47,-76.309,S-3_0,C3R0
-19.652,-76.309,S-3_0,C3R1
-24.834,-76.309,S-3_0,C3R2
-28.721,-76.309,S-3_0,C3R3
-31.311,-76.309,S-3_0,C3R4
-33.902,-76.309,S-3_0,C3R5
-14.47,-72.309,S-3_0,C4R0
-19.652,-72.309,S-3_0,C4R1
-24.834,-72.309,S-3_0,C4R2
-28.721,-72.309,S-3_0,C4R3
-31.311,-72.309,S-3_0,C4R4
-33.902,-72.309,S-3_0,C4R5
-14.47,-68.309,S-3_0,C5R0
-19.652,-68.309,S-3_0,C5R1
-24.834,-68.309,S-3_0,C5R2
-28.721,-68.309,S-3_0,C5R3
-31.311,-68.309,S-3_0,C5R4
-33.902,-68.309,S-3_0,C5R5
-14.47,-65.309,S-3_0,C6R0
-19.652,-65.309,S-3_0,C6R1
-24.834,-65.309,S-3_0,C6R2
-28.721,-65.309,S-3_0,C6R3
-31.311,-65.309,S-3_0,C6R4
-33.902,-65.309,S-3_0,C6R5
-14.47,-63.309,S-3_0,C7R0
-19.652,-63.309,S-3_0,C7R1
-24.834,-63.309,S-3_0,C7R2
-28.721,-63.309,S-3_0,C7R3
-31.311,-63.309,S-3_0,C7R4
-33.902,-63.309,S-3_0,C7R5
-14.47,-61.309,S-3_0,C8R0
-19.652,-61.309,S-3_0,C8R1
-24.834,-61.309,S-3_0,C8R2
-28.721,-61.309,S-3_0,C8R3
-31.311,-61.309,S-3_0,C8R4
-33.902,-61.309,S-3_0,C8R5
-38.228,-84.309,S-3_1,C1R0
-38.228,-80.309,S-3_1,C2R0
-43.41,-80.309,S-3_1,C2R1
-48.592,-80.309,S-3_1,C2R2
-38.228,-76.309,S-3_1,C3R0
-43.41,-76.309,S-3_1,C3R1
-48.592,-76.309,S-3_1,C3R2
-52.478,-76.309,S-3_1,C3R3
-55.069,-76.309,S-3_1,C3R4
-38.228,-72.309,S-3_1,C4R0
-43.41,-72.309,S-3_1,C4R1
-48.592,-72.309,S-3_1,C4R2
-52.478,-72.309,S-3_1,C4R3
-55.069,-72.309,S-3_1,C4R4
-57.66,-72.309,S-3_1,C4R5
-38.228,-68.309,S-3_1,C5R0
-43.41,-68.309,S-3_1,C5R1
-48.592,-68.309,S-3_1,C5R2
-52.478,-68.309,S-3_1,C5R3
-55.069,-68.309,S-3_1,C5R4
-57.66,-68.309,S-3_1,C5R5
-38.228,-65.309,S-3_1,C6R0
-43.41,-65.309,S-3_1,C6R1
-48.592,-65.309,S-3_1,C6R2
-52.478,-65.309,S-3_1,C6R3
-55.069,-65.309,S-3_1,C6R4
-57.66,-65.309,S-3_1,C6R5
-38.228,-63.309,S-3_1,C7R0
-43.41,-63.309,S-3_1,C7R1
-48.592,-63.309,S-3_1,C7R2
-52.478,-63.309,S-3_1,C7R3
-55.069,-63.309,S-3_1,C7R4
-57.66,-63.309,S-3_1,C7R5
-38.228,-61.309,S-3_1,C8R0
-43.41,-61.309,S-3_1,C8R1
-48.592,-61.309,S-3_1,C8R2
-52.478,-61.309,S-3_1,C8R3
-55.069,-61.309,S-3_1,C8R4
-57.66,-61.309,S-3_1,C8R5
70.198,-58.185,S-2_-4,C0R2
66.311,-58.185,S-2_-4,C0R3
63.721,-58.185,S-2_-4,C0R4
61.13,-58.185,S-2_-4,C0R5
75.38,-54.185,S-2_-4,C1R1
70.198,-54.185,S-2_-4,C1R2
66.311,-54.185,S-2_-4,C1R3
63.721,-54.185,S-2_-4,C1R4
61.13,-54.185,S-2_-4,C1R5
75.38,-50.185,S-2_-4,C2R1
70.198,-50.185,S-2_-4,C2R2
66.311,-50.185,S-2_-4,C2R3
63.721,-50.185,S-2_-4,C2R4
61.13,-50.185,S-2_-4,C2R5
80.562,-46.185,S-2_-4,C3R0
75.38,-46.185,S-2_-4,C3R1
70.198,-46.185,S-2_-4,C3R2
66.311,-46.185,S-2_-4,C3R3
63.721,-46.185,S-2_-4,C3R4
61.13,-46.185,S-2_-4,C3R5
80.562,-42.185,S-2_-4,C4R0
75.38,-42.185,S-2_-4,C4R1
70.198,-42.185,S-2_-4,C4R2
66.311,-42.185,S-2_-4,C4R3
63.721,-42.185,S-2_-4,C4R4
61.13,-42.185,S-2_-4,C4R5
80.562,-38.185,S-2_-4,C5R0
75.38,-38.185,S-2_-4,C5R1
70.198,-38.185,S-2_-4,C5R2
66.311,-38.185,S-2_-4,C5R3
63.721,-38.185,S-2_-4,C5R4
61.13,-38.185,S-2_-4,C5R5
80.562,-35.185,S-2_-4,C6R0
75.38,-35.185,S-2_-4,C6R1
70.198,-35.185,S-2_-4,C6R2
66.311,-35.185,S-2_-4,C6R3
63.721,-35.185,S-2_-4,C6R4
61.13,-35.185,S-2_-4,C6R5
80.562,-33.185,S-2_-4,C7R0
75.38,-33.185,S-2_-4,C7R1
70.198,-33.185,S-2_-4,C7R2
66.311,-33.185,S-2_-4,C7R3
63.721,-33.185,S-2_-4,C7R4
61.13,-33.185,S-2_-4,C7R5
80.562,-31.185,S-2_-4,C8R0
75.38,-31.185,S-2_-4,C8R1
70.198,-31.185,S-2_-4,C8R2
66.311,-31.185,S-2_-4,C8R3
63.721,-31.185,S-2_-4,C8R4
61.13,-31.185,S-2_-4,C8R5
56.804,-58.185,S-2_-3,C0R0
51.622,-58.185,S-2_-3,C0R1
46.44,-58.185,S-2_-3,C0R2
42.554,-58.185,S-2_-3,C0R3
39.963,-58.185,S-2_-3,C0R4
37.372,-58.185,S-2_-3,C0R5
56.804,-54.185,S-2_-3,C1R0
51.622,-54.185,S-2_-3,C1R1
46.44,-54.185,S-2_-3,C1R2
42.554,-54.185,S-2_-3,C1R3
39.963,-54.185,S-2_-3,C1R4
37.372,-54.185,S-2_-3,C1R5
56.804,-50.185,S-2_-3,C2R0
51.622,-50.185,S-2_-3,C2R1
46.44,-50.185,S-2_-3,C2R2
42.554,-50.185,S-2_-3,C2R3
39.963,-50.185,S-2_-3,C2R4
37.372,-50.185,S-2_-3,C2R5
56.804,-46.185,S-2_-3,C3R0
51.622,-46.185,S-2_-3,C3R1
46.44,-46.185,S-2_-3,C3R2
42.554,-46.185,S-2_-3,C3R3
39.963,-46.185,S-2_-3,C3R4
37.372,-46.185,S-2_-3,C3R5
56.804,-42.185,S-2_-3,C4R0
51.622,-42.185,S-2_-3,C4R1
46.44,-42.185,S-2_-3,C4R2
42.554,-42.185,S-2_-3,C4R3
39.963,-42.185,S-2_-3,C4R4
37.372,-42.185,S-2_-3,C4R5
56.804,-38.185,S-2_-3,C5R0
51.622,-38.185,S-2_-3,C5R1
46.44,-38.185,S-2_-3,C5R2
42.554,-38.185,S-2_-3,C5R3
39.963,-38.185,S-2_-3,C5R4
37.372,-38.185,S-2_-3,C5R5
56.804,-35.185,S-2_-3,C6R0
51.622,-35.185,S-2_-3,C6R1
46.44,-35.185,S-2_-3,C6R2
42.554,-35.185,S-2_-3,C6R3
39.963,-35.185,S-2_-3,C6R4
37.372,-35.185,S-2_-3,C6R5
56.804,-33.185,S-2_-3,C7R0
51.622,-33.185,S-2_-3,C7R1
46.44,-33.185,S-2_-3,C7R2
42.554,-33.185,S-2_-3,C7R3
39.963,-33.185,S-2_-3,C7R4
37.372,-33.185,S-2_-3,C7R5
56.804,-31.185,S-2_-3,C8R0
51.622,-31.185,S-2_-3,C8R1
46.44,-31.185,S-2_-3,C8R2
42.554,-31.185,S-2_-3,C8R3
39.963,-31.185,S-2_-3,C8R4
37.372,-31.185,S-2_-3,C8R5
33.046,-58.185,S-2_-2,C0R0
27.864,-58.185,S-2_-2,C0R1
22.682,-58.185,S-2_-2,C0R2
18.796,-58.185,S-2_-2,C0R3
16.205,-58.185,S-2_-2,C0R4
13.614,-58.185,S-2_-2,C0R5
33.046,-54.185,S-2_-2,C1R0
27.864,-54.185,S-2_-2,C1R1
22.682,-54.185,S-2_-2,C1R2
18.796,-54.185,S-2_-2,C1R3
16.205,-54.185,S-2_-2,C1R4
13.614,-54.185,S-2_-2,C1R5
33.046,-50.185,S-2_-2,C2R0
27.864,-50.185,S-2_-2,C2R1
22.682,-50.185,S-2_-2,C2R2
18.796,-50.185,S-2_-2,C2R3
16.205,-50.185,S-2_-2,C2R4
13.614,-50.185,S-2_-2,C2R5
33.046,-46.185,S-2_-2,C3R0
27.864,-46.185,S-2_-2,C3R1
22.682,-46.185,S-2_-2,C3R2
18.796,-46.185,S-2_-2,C3R3
16.205,-46.185,S-2_-2,C3R4
13.614,-46.185,S-2_-2,C3R5
33.046,-42.185,S-2_-2,C4R0
27.864,-42.185,S-2_-2,C4R1
22.682,-42.185,S-2_-2,C4R2
18.796,-42.185,S-2_-2,C4R3
16.205,-42.185,S-2_-2,C4R4
13.614,-42.185,S-2_-2,C4R5
33.046,-38.185,S-2_-2,C5R0
27.864,-38.185,S-2_-2,C5R1
22.682,-38.185,S-2_-2,C5R2
18.796,-38.185,S-2_-2,C5R3
16.205,-38.185,S-2_-2,C5R4
13.614,-38.185,S-2_-2,C5R5
33.046,-35.185,S-2_-2,C6R0
27.864,-35.185,S-2_-2,C6R1
22.682,-35.185,S-2_-2,C6R2
18.796,-35.185,S-2_-2,C6R3
16.205,-35.185,S-2_-2,C6R4
13.614,-35.185,S-2_-2,C6R5
33.046,-33.185,S-2_-2,C7R0
27.864,-33.185,S-2_-2,C7R1
22.682,-33.185,S-2_-2,C7R2
18.796,-33.185,S-2_-2,C7R3
16.205,-33.185,S-2_-2,C7R4
13.614,-33.185,S-2_-2,C7R5
33.046,-31.185,S-2_-2,C8R0
27.864,-31.185,S-2_-2,C8R1
22.682,-31.185,S-2_-2,C8R2
18.796,-31.185,S-2_-2,C8R3
16.205,-31.185,S-2_-2,C8R4
13.614,-31.185,S-2_-2,C8R5
9.288,-58.185,S-2_-1,C0R0
4.106,-58.185,S-2_-1,C0R1
-1.076,-58.185,S-2_-1,C0R2
-4.962,-58.185,S-2_-1,C0R3
-7.553,-58.185,S-2_-1,C0R4
-10.144,-58.185,S-2_-1,C0R5
9.288,-54.185,S-2_-1,C1R0
4.106,-54.185,S-2_-1,C1R1
-1.076,-54.185,S-2_-1,C1R2
-4.962,-54.185,S-2_-1,C1R3
-7.553,-54.185,S-2_-1,C1R4
-10.144,-54.185,S-2_-1,C1R5
9.288,-50.185,S-2_-1,C2R0
4.106,-50.185,S-2_-1,C2R1
-1.076,-50.185,S-2_-1,C2R2
-4.962,-50.185,S-2_-1,C2R3
-7.553,-50.185,S-2_-1,C2R4
-10.144,-50.185,S-2_-1,C2R5
9.288,-46.185,S-2_-1,C3R0
4.106,-46.185,S-2_-1,C3R1
-1.076,-46.185,S-2_-1,C3R2
-4.962,-46.185,S-2_-1,C3R3
-7.553,-46.185,S-2_-1,C3R4
-10.144,-46.185,S-2_-1,C3R5
9.288,-42.185,S-2_-1,C4R0
4.106,-42.185,S-2_-1,C4R1
-1.076,-42.185,S-2_-1,C4R2
-4.962,-42.185,S-2_-1,C4R3
-7.553,-42.185,S-2_-1,C4R4
-10.144,-42.185,S-2_-1,C4R5
9.288,-38.185,S-2_-1,C5R0
4.106,-38.185,S-2_-1,C5R1
-1.076,-38.185,S-2_-1,C5R2
-4.962,-38.185,S-2_-1,C5R3
-7.553,-38.185,S-2_-1,C5R4
-10.144,-38.185,S-2_-1,C5R5
9.288,-35.185,S-2_-1,C6R0
4.106,-35.185,S-2_-1,C6R1
-1.076,-35.185,S-2_-1,C6R2
-4.962,-35.185,S-2_-1,C6R3
-7.553,-35.185,S-2_-1,C6R4
-10.144,-35.185,S-2_-1,C6R5
9.288,-33.185,S-2_-1,C7R0
4.106,-33.185,S-2_-1,C7R1
-1.076,-33.185,S-2_-1,C7R2
-4.962,-33.185,S-2_-1,C7R3
-7.553,-33.185,S-2_-1,C7R4
-10.144,-33.185,S-2_-1,C7R5
9.288,-31.185,S-2_-1,C8R0
4.106,-31.185,S-2_-1,C8R1
-1.076,-31.185,S-2_-1,C8R2
-4.962,-31.185,S-2_-1,C8R3
-7.553,-31.185,S-2_-1,C8R4
-10.144,-31.185,S-2_-1,C8R5
-14.47,-58.185,S-2_0,C0R0
-19.652,-58.185,S-2_0,C0R1
-24.834,-58.185,S-2_0,C0R2
-28.721,-58.185,S-2_0,C0R3
-31.311,-58.185,S-2_0,C0R4
-33.902,-58.185,S-2_0,C0R5
-14.47,-54.185,S-2_0,C1R0
-19.652,-54.185,S-2_0,C1R1
-24.834,-54.185,S-2_0,C1R2
-28.721,-54.185,S-2_0,C1R3
-31.311,-54.185,S-2_0,C1R4
-33.902,-54.185,S-2_0,C1R5
-14.47,-50.185,S-2_0,C2R0
-19.652,-50.185,S-2_0,C2R1
-24.834,-50.185,S-2_0,C2R2
-28.721,-50.185,S-2_0,C2R3
-31.311,-50.185,S-2_0,C2R4
-33.902,-50.185,S-2_0,C2R5
-14.47,-46.185,S-2_0,C3R0
-19.652,-46.185,S-2_0,C3R1
-24.834,-46.185,S-2_0,C3R2
-28.721,-46.185,S-2_0,C3R3
-31.311,-46.185,S-2_0,C3R4
-33.902,-46.185,S-2_0,C3R5
-14.47,-42.185,S-2_0,C4R0
-19.652,-42.185,S-2_0,C4R1
-24.834,-42.185,S-2_0,C4R2
-28.721,-42.185,S-2_0,C4R3
-31.311,-42.185,S-2_0,C4R4
-33.902,-42.185,S-2_0,C4R5
-14.47,-38.185,S-2_0,C5R0
-19.652,-38.185,S-2_0,C5R1
-24.834,-38.185,S-2_0,C5R2
-28.721,-38.185,S-2_0,C5R3
-31.311,-38.185,S-2_0,C5R4
-33.902,-38.185,S-2_0,C5R5
-14.47,-35.185,S-2_0,C6R0
-19.652,-35.185,S-2_0,C6R1
-24.834,-35.185,S-2_0,C6R2
-28.721,-35.185,S-2_0,C6R3
-31.311,-35.185,S-2_0,C6R4
-33.902,-35.185,S-2_0,C6R5
-14.47,-33.185,S-2_0,C7R0
-19.652,-33.185,S-2_0,C7R1
-24.834,-33.185,S-2_0,C7R2
-28.721,-33.185,S-2_0,C7R3
-31.311,-33.185,S-2_0,C7R4
-33.902,-33.185,S-2_0,C7R5
-14.47,-31.185,S-2_0,C8R0
-19.652,-31.185,S-2_0,C8R1
-24.834,-31.185,S-2_0,C8R2
-28.721,-31.185,S-2_0,C8R3
-31.311,-31.185,S-2_0,C8R4
-33.902,-31.185,S-2_0,C8R5
-38.228,-58.185,S-2_1,C0R0
-43.41,-58.185,S-2_1,C0R1
-48.592,-58.185,S-2_1,C0R2
-52.478,-58.185,S-2_1,C0R3
-55.069,-58.185,S-2_1,C0R4
-57.66,-58.185,S-2_1,C0R5
-38.228,-54.185,S-2_1,C1R0
-43.41,-54.185,S-2_1,C1R1
-48.592,-54.185,S-2_1,C1R2
-52.478,-54.185,S-2_1,C1R3
-55.069,-54.185,S-2_1,C1R4
-57.66,-54.185,S-2_1,C1R5
-38.228,-50.185,S-2_1,C2R0
-43.41,-50.185,S-2_1,C2R1
-48.592,-50.185,S-2_1,C2R2
-52.478,-50.185,S-2_1,C2R3
-55.069,-50.185,S-2_1,C2R4
-57.66,-50.185,S-2_1,C2R5
-38.228,-46.185,S-2_1,C3R0
-43.41,-46.185,S-2_1,C3R1
-48.592,-46.185,S-2_1,C3R2
-52.478,-46.185,S-2_1,C3R3
-55.069,-46.185,S-2_1,C3R4
-57.66,-46.185,S-2_1,C3R5
-38.228,-42.185,S-2_1,C4R0
-43.41,-42.185,S-2_1,C4R1
-48.592,-42.185,S-2_1,C4R2
-52.478,-42.185,S-2_1,C4R3
-55.069,-42.185,S-2_1,C4R4
-57.66,-42.185,S-2_1,C4R5
-38.228,-38.185,S-2_1,C5R0
-43.41,-38.185,S-2_1,C5R1
-48.592,-38.185,S-2_1,C5R2
-52.478,-38.185,S-2_1,C5R3
-55.069,-38.185,S-2_1,C5R4
-57.66,-38.185,S-2_1,C5R5
-38.228,-35.185,S-2_1,C6R0
-43.41,-35.185,S-2_1,C6R1
-48.592,-35.185,S-2_1,C6R2
-52.478,-35.185,S-2_1,C6R3
-55.069,-35.185,S-2_1,C6R4
-57.66,-35.185,S-2_1,C6R5
-38.228,-33.185,S-2_1,C7R0
-43.41,-33.185,S-2_1,C7R1
-48.592,-33.185,S-2_1,C7R2
-52.478,-33.185,S-2_1,C7R3
-55.069,-33.185,S-2_1,C7R4
-57.66,-33.185,S-2_1,C7R5
-38.228,-31.185,S-2_1,C8R0
-43.41,-31.185,S-2_1,C8R1
-48.592,-31.185,S-2_1,C8R2
-52.478,-31.185,S-2_1,C8R3
-55.069,-31.185,S-2_1,C8R4
-57.66,-31.185,S-2_1,C8R5
-61.986,-58.185,S-2_2,C0R0
-67.168,-58.185,S-2_2,C0R1
-72.35,-58.185,S-2_2,C0R2
-61.986,-54.185,S-2_2,C1R0
-67.168,-54.185,S-2_2,C1R1
-72.35,-54.185,S-2_2,C1R2
-76.237,-54.185,S-2_2,C1R3
-61.986,-50.185,S-2_2,C2R0
-67.168,-50.185,S-2_2,C2R1
-72.35,-50.185,S-2_2,C2R2
-76.237,-50.185,S-2_2,C2R3
-78.828,-50.185,S-2_2,C2R4
-61.986,-46.185,S-2_2,C3R0
-67.168,-46.185,S-2_2,C3R1
-72.35,-46.185,S-2_2,C3R2
-76.237,-46.185,S-2_2,C3R3
-78.828,-46.185,S-2_2,C3R4
-81.419,-46.185,S-2_2,C3R5
-61.986,-42.185,S-2_2,C4R0
-67.168,-42.185,S-2_2,C4R1
-72.35,-42.185,S-2_2,C4R2
-76.237,-42.185,S-2_2,C4R3
-78.828,-42.185,S-2_2,C4R4
-81.419,-42.185,S-2_2,C4R5
-61.986,-38.185,S-2_2,C5R0
-67.168,-38.185,S-2_2,C5R1
-72.35,-38.185,S-2_2,C5R2
-76.237,-38.185,S-2_2,C5R3
-78.828,-38.185,S-2_2,C5R4
-81.419,-38.185,S-2_2,C5R5
-61.986,-35.185,S-2_2,C6R0
-67.168,-35.185,S-2_2,C6R1
-72.35,-35.185,S-2_2,C6R2
-76.237,-35.185,S-2_2,C6R3
-78.828,-35.185,S-2_2,C6R4
-81.419,-35.185,S-2_2,C6R5
-61.986,-33.185,S-2_2,C7R0
-67.168,-33.185,S-2_2,C7R1
-72.35,-33.185,S-2_2,C7R2
-76.237,-33.185,S-2_2,C7R3
-78.828,-33.185,S-2_2,C7R4
-81.419,-33.185,S-2_2,C7R5
-61.986,-31.185,S-2_2,C8R0
-67.168,-31.185,S-2_2,C8R1
-72.35,-31.185,S-2_2,C8R2
-76.237,-31.185,S-2_2,C8R3
-78.828,-31.185,S-2_2,C8R4
-81.419,-31.185,S-2_2,C8R5
80.562,-28.061,S-1_-4,C0R0
75.38,-28.061,S-1_-4,C0R1
70.198,-28.061,S-1_-4,C0R2
66.311,-28.061,S-1_-4,C0R3
63.721,-28.061,S-1_-4,C0R4
61.13,-28.061,S-1_-4,C0R5
80.562,-24.061,S-1_-4,C1R0
75.38,-24.061,S-1_-4,C1R1
70.198,-24.061,S-1_-4,C1R2
66.311,-24.061,S-1_-4,C1R3
63.721,-24.061,S-1_-4,C1R4
61.13,-24.061,S-1_-4,C1R5
80.562,-20.061,S-1_-4,C2R0
75.38,-20.061,S-1_-4,C2R1
70.198,-20.061,S-1_-4,C2R2
66.311,-20.061,S-1_-4,C2R3
63.721,-20.061,S-1_-4,C2R4
61.13,-20.061,S-1_-4,C2R5
80.562,-16.061,S-1_-4,C3R0
75.38,-16.061,S-1_-4,C3R1
70.198,-16.061,S-1_-4,C3R2
66.311,-16.061,S-1_-4,C3R3
63.721,-16.061,S-1_-4,C3R4
61.13,-16.061,S-1_-4,C3R5
80.562,-12.061,S-1_-4,C4R0
75.38,-12.061,S-1_-4,C4R1
70.198,-12.061,S-1_-4,C4R2
66.311,-12.061,S-1_-4,C4R3
63.721,-12.061,S-1_-4,C4R4
61.13,-12.061,S-1_-4,C4R5
80.562,-8.061,S-1_-4,C5R0
75.38,-8.061,S-1_-4,C5R1
70.198,-8.061,S-1_-4,C5R2
66.311,-8.061,S-1_-4,C5R3
63.721,-8.061,S-1_-4,C5R4
61.13,-8.061,S-1_-4,C5R5
80.562,-5.061,S-1_-4,C6R0
75.38,-5.061,S-1_-4,C6R1
70.198,-5.061,S-1_-4,C6R2
66.311,-5.061,S-1_-4,C6R3
63.721,-5.061,S-1_-4,C6R4
61.13,-5.061,S-1_-4,C6R5
80.562,-3.061,S-1_-4,C7R0
75.38,-3.061,S-1_-4,C7R1
70.198,-3.061,S-1_-4,C7R2
66.311,-3.061,S-1_-4,C7R3
63.721,-3.061,S-1_-4,C7R4
61.13,-3.061,S-1_-4,C7R5
80.562,-1.061,S-1_-4,C8R0
75.38,-1.061,S-1_-4,C8R1
70.198,-1.061,S-1_-4,C8R2
66.311,-1.061,S-1_-4,C8R3
63.721,-1.061,S-1_-4,C8R4
61.13,-1.061,S-1_-4,C8R5
56.804,-28.061,S-1_-3,C0R0
51.622,-28.061,S-1_-3,C0R1
46.44,-28.061,S-1_-3,C0R2
42.554,-28.061,S-1_-3,C0R3
39.963,-28.061,S-1_-3,C0R4
37.372,-28.061,S-1_-3,C0R5
56.804,-24.061,S-1_-3,C1R0
51.622,-24.061,S-1_-3,C1R1
46.44,-24.061,S-1_-3,C1R2
42.554,-24.061,S-1_-3,C1R3
39.963,-24.061,S-1_-3,C1R4
37.372,-24.061,S-1_-3,C1R5
56.804,-20.061,S-1_-3,C2R0
51.622,-20.061,S-1_-3,C2R1
46.44,-20.061,S-1_-3,C2R2
42.554,-20.061,S-1_-3,C2R3
39.963,-20.061,S-1_-3,C2R4
37.372,-20.061,S-1_-3,C2R5
56.804,-16.061,S-1_-3,C3R0
51.622,-16.061,S-1_-3,C3R1
46.44,-16.061,S-1_-3,C3R2
42.554,-16.061,S-1_-3,C3R3
39.963,-16.061,S-1_-3,C3R4
37.372,-16.061,S-1_-3,C3R5
56.804,-12.061,S-1_-3,C4R0
51.622,-12.061,S-1_-3,C4R1
46.44,-12.061,S-1_-3,C4R2
42.554,-12.061,S-1_-3,C4R3
39.963,-12.061,S-1_-3,C4R4
37.372,-12.061,S-1_-3,C4R5
56.804,-8.061,S-1_-3,C5R0
51.622,-8.061,S-1_-3,C5R1
46.44,-8.061,S-1_-3,C5R2
42.554,-8.061,S-1_-3,C5R3
39.963,-8.061,S-1_-3,C5R4
37.372,-8.061,S-1_-3,C5R5
56.804,-5.061,S-1_-3,C6R0
51.622,-5.061,S-1_-3,C6R1
46.44,-5.061,S-1_-3,C6R2
42.554,-5.061,S-1_-3,C6R3
39.963,-5.061,S-1_-3,C6R4
37.372,-5.061,S-1_-3,C6R5
56.804,-3.061,S-1_-3,C7R0
51.622,-3.061,S-1_-3,C7R1
46.44,-3.061,S-1_-3,C7R2
42.554,-3.061,S-1_-3,C7R3
39.963,-3.061,S-1_-3,C7R4
37.372,-3.061,S-1_-3,C7R5
56.804,-1.061,S-1_-3,C8R0
51.622,-1.061,S-1_-3,C8R1
46.44,-1.061,S-1_-3,C8R2
42.554,-1.061,S-1_-3,C8R3
39.963,-1.061,S-1_-3,C8R4
37.372,-1.061,S-1_-3,C8R5
33.046,-28.061,S-1_-2,C0R0
27.864,-28.061,S-1_-2,C0R1
22.682,-28.061,S-1_-2,C0R2
18.796,-28.061,S-1_-2,C0R3
16.205,-28.061,S-1_-2,C0R4
13.614,-28.061,S-1_-2,C0R5
33.046,-24.061,S-1_-2,C1R0
27.864,-24.061,S-1_-2,C1R1
22.682,-24.061,S-1_-2,C1R2
18.796,-24.061,S-1_-2,C1R3
16.205,-24.061,S-1_-2,C1R4
13.614,-24.061,S-1_-2,C1R5
33.046,-20.061,S-1_-2,C2R0
27.864,-20.061,S-1_-2,C2R1
22.682,-20.061,S-1_-2,C2R2
18.796,-20.061,S-1_-2,C2R3
16.205,-20.061,S-1_-2,C2R4
13.614,-20.061,S-1_-2,C2R5
33.046,-16.061,S-1_-2,C3R0
27.864,-16.061,S-1_-2,C3R1
22.682,-16.061,S-1_-2,C3R2
18.796,-16.061,S-1_-2,C3R3
16.205,-16.061,S-1_-2,C3R4
13.614,-16.061,S-1_-2,C3R5
33.046,-12.061,S-1_-2,C4R0
27.864,-12.061,S-1_-2,C4R1
22.682,-12.061,S-1_-2,C4R2
18.796,-12.061,S-1_-2,C4R3
16.205,-12.061,S-1_-2,C4R4
13.614,-12.061,S-1_-2,C4R5
33.046,-8.061,S-1_-2,C5R0
27.864,-8.061,S-1_-2,C5R1
22.682,-8.061,S-1_-2,C5R2
18.796,-8.061,S-1_-2,C5R3
16.205,-8.061,S-1_-2,C5R4
13.614,-8.061,S-1_-2,C5R5
33.046,-5.061,S-1_-2,C6R0
27.864,-5.061,S-1_-2,C6R1
22.682,-5.061,S-1_-2,C6R2
18.796,-5.061,S-1_-2,C6R3
16.205,-5.061,S-1_-2,C6R4
13.614,-5.061,S-1_-2,C6R5
33.046,-3.061,S-1_-2,C7R0
27.864,-3.061,S-1_-2,C7R1
22.682,-3.061,S-1_-2,C7R2
18.796,-3.061,S-1_-2,C7R3
16.205,-3.061,S-1_-2,C7R4
13.614,-3.061,S-1_-2,C7R5
33.046,-1.061,S-1_-2,C8R0
27.864,-1.061,S-1_-2,C8R1
22.682,-1.061,S-1_-2,C8R2
18.796,-1.061,S-1_-2,C8R3
16.205,-1.061,S-1_-2,C8R4
13.614,-1.061,S-1_-2,C8R5
9.288,-28.061,S-1_-1,C0R0
4.106,-28.061,S-1_-1,C0R1
-1.076,-28.061,S-1_-1,C0R2
-4.962,-28.061,S-1_-1,C0R3
-7.553,-28.061,S-1_-1,C0R4
-10.144,-28.061,S-1_-1,C0R5
9.288,-24.061,S-1_-1,C1R0
4.106,-24.061,S-1_-1,C1R1
-1.076,-24.061,S-1_-1,C1R2
-4.962,-24.061,S-1_-1,C1R3
-7.553,-24.061,S-1_-1,C1R4
-10.144,-24.061,S-1_-1,C1R5
9.288,-20.061,S-1_-1,C2R0
4.106,-20.061,S-1_-1,C2R1
-1.076,-20.061,S-1_-1,C2R2
-4.962,-20.061,S-1_-1,C2R3
-7.553,-20.061,S-1_-1,C2R4
-10.144,-20.061,S-1_-1,C2R5
9.288,-16.061,S-1_-1,C3R0
4.106,-16.061,S-1_-1,C3R1
-1.076,-16.061,S-1_-1,C3R2
-4.962,-16.061,S-1_-1,C3R3
-7.553,-16.061,S-1_-1,C3R4
-10.144,-16.061,S-1_-1,C3R5
9.288,-12.061,S-1_-1,C4R0
4.106,-12.061,S-1_-1,C4R1
-1.076,-12.061,S-1_-1,C4R2
-4.962,-12.061,S-1_-1,C4R3
-7.553,-12.061,S-1_-1,C4R4
-10.144,-12.061,S-1_-1,C4R5
9.288,-8.061,S-1_-1,C5R0
4.106,-8.061,S-1_-1,C5R1
-1.076,-8.061,S-1_-1,C5R2
-4.962,-8.061,S-1_-1,C5R3
-7.553,-8.061,S-1_-1,C5R4
-10.144,-8.061,S-1_-1,C5R5
9.288,-5.061,S-1_-1,C6R0
4.106,-5.061,S-1_-1,C6R1
-1.076,-5.061,S-1_-1,C6R2
-4.962,-5.061,S-1_-1,C6R3
-7.553,-5.061,S-1_-1,C6R4
-10.144,-5.061,S-1_-1,C6R5
9.288,-3.061,S-1_-1,C7R0
4.106,-3.061,S-1_-1,C7R1
-1.076,-3.061,S-1_-1,C7R2
-4.962,-3.061,S-1_-1,C7R3
-7.553,-3.061,S-1_-1,C7R4
-10.144,-3.061,S-1_-1,C7R5
9.288,-1.061,S-1_-1,C8R0
4.106,-1.061,S-1_-1,C8R1
-1.076,-1.061,S-1_-1,C8R2
-4.962,-1.061,S-1_-1,C8R3
-7.553,-1.061,S-1_-1,C8R4
-10.144,-1.061,S-1_-1,C8R5
-14.47,-28.061,S-1_0,C0R0
-19.652,-28.061,S-1_0,C0R1
-24.834,-28.061,S-1_0,C0R2
-28.721,-28.061,S-1_0,C0R3
-31.311,-28.061,S-1_0,C0R4
-33.902,-28.061,S-1_0,C0R5
-14.47,-24.061,S-1_0,C1R0
-19.652,-24.061,S-1_0,C1R1
-24.834,-24.061,S-1_0,C1R2
-28.721,-24.061,S-1_0,C1R3
-31.311,-24.061,S-1_0,C1R4
-33.902,-24.061,S-1_0,C1R5
-14.47,-20.061,S-1_0,C2R0
-19.652,-20.061,S-1_0,C2R1
-24.834,-20.061,S-1_0,C2R2
-28.721,-20.061,S-1_0,C2R3
-31.311,-20.061,S-1_0,C2R4
-33.902,-20.061,S-1_0,C2R5
-14.47,-16.061,S-1_0,C3R0
-19.652,-16.061,S-1_0,C3R1
-24.834,-16.061,S-1_0,C3R2
-28.721,-16.061,S-1_0,C3R3
-31.311,-16.061,S-1_0,C3R4
-33.902,-16.061,S-1_0,C3R5
-14.47,-12.061,S-1_0,C4R0
-19.652,-12.061,S-1_0,C4R1
-24.834,-12.061,S-1_0,C4R2
-28.721,-12.061,S-1_0,C4R3
-31.311,-12.061,S-1_0,C4R4
-33.902,-12.061,S-1_0,C4R5
-14.47,-8.061,S-1_0,C5R0
-19.652,-8.061,S-1_0,C5R1
-24.834,-8.061,S-1_0,C5R2
-28.721,-8.061,S-1_0,C5R3
-31.311,-8.061,S-1_0,C5R4
-33.902,-8.061,S-1_0,C5R5
-14.47,-5.061,S-1_0,C6R0
-19.652,-5.061,S-1_0,C6R1
-24.834,-5.061,S-1_0,C6R2
-28.721,-5.061,S-1_0,C6R3
-31.311,-5.061,S-1_0,C6R4
-33.902,-5.061,S-1_0,C6R5
-14.47,-3.061,S-1_0,C7R0
-19.652,-3.061,S-1_0,C7R1
-24.834,-3.061,S-1_0,C7R2
-28.721,-3.061,S-1_0,C7R3
-31.311,-3.061,S-1_0,C7R4
-33.902,-3.061,S-1_0,C7R5
-14.47,-1.061,S-1_0,C8R0
-19.652,-1.061,S-1_0,C8R1
-24.834,-1.061,S-1_0,C8R2
-28.721,-1.061,S-1_0,C8R3
-31.311,-1.061,S-1_0,C8R4
-33.902,-1.061,S-1_0,C8R5
-38.228,-28.061,S-1_1,C0R0
-43.41,-28.061,S-1_1,C0R1
-48.592,-28.061,S-1_1,C0R2
-52.478,-28.061,S-1_1,C0R3
-55.069,-28.061,S-1_1,C0R4
-57.66,-28.061,S-1_1,C0R5
-38.228,-24.061,S-1_1,C1R0
-43.41,-24.061,S-1_1,C1R1
-48.592,-24.061,S-1_1,C1R2
-52.478,-24.061,S-1_1,C1R3
-55.069,-24.061,S-1_1,C1R4
-57.66,-24.061,S-1_1,C1R5
-38.228,-20.061,S-1_1,C2R0
-43.41,-20.061,S-1_1,C2R1
-48.592,-20.061,S-1_1,C2R2
-52.478,-20.061,S-1_1,C2R3
-55.069,-20.061,S-1_1,C2R4
-57.66,-20.061,S-1_1,C2R5
-38.228,-16.061,S-1_1,C3R0
-43.41,-16.061,S-1_1,C3R1
-48.592,-16.061,S-1_1,C3R2
-52.478,-16.061,S-1_1,C3R3
-55.069,-16.061,S-1_1,C3R4
-57.66,-16.061,S-1_1,C3R5
-38.228,-12.061,S-1_1,C4R0
-43.41,-12.061,S-1_1,C4R1
-48.592,-12.061,S-1_1,C4R2
-52.478,-12.061,S-1_1,C4R3
-55.069,-12.061,S-1_1,C4R4
-57.66,-12.061,S-1_1,C4R5
-38.228,-8.061,S-1_1,C5R0
-43.41,-8.061,S-1_1,C5R1
-48.592,-8.061,S-1_1,C5R2
-52.478,-8.061,S-1_1,C5R3
-55.069,-8.061,S-1_1,C5R4
-57.66,-8.061,S-1_1,C5R5
-38.228,-5.061,S-1_1,C6R0
-43.41,-5.061,S-1_1,C6R1
-48.592,-5.061,S-1_1,C6R2
-52.478,-5.061,S-1_1,C6R3
-55.069,-5.061,S-1_1,C6R4
-57.66,-5.061,S-1_1,C6R5
-38.228,-3.061,S-1_1,C7R0
-43.41,-3.061,S-1_1,C7R1
-48.592,-3.061,S-1_1,C7R2
-52.478,-3.061,S-1_1,C7R3
-55.069,-3.061,S-1_1,C7R4
-57.66,-3.061,S-1_1,C7R5
-38.228,-1.061,S-1_1,C8R0
-43.41,-1.061,S-1_1,C8R1
-48.592,-1.061,S-1_1,C8R2
-52.478,-1.061,S-1_1,C8R3
-55.069,-1.061,S-1_1,C8R4
-57.66,-1.061,S-1_1,C8R5
-61.986,-28.061,S-1_2,C0R0
-67.168,-28.061,S-1_2,C0R1
-72.35,-28.061,S-1_2,C0R2
-76.237,-28.061,S-1_2,C0R3
-78.828,-28.061,S-1_2,C0R4
-81.419,-28.061,S-1_2,C0R5
-61.986,-24.061,S-1_2,C1R0
-67.168,-24.061,S-1_2,C1R1
-72.35,-24.061,S-1_2,C1R2
-76.237,-24.061,S-1_2,C1R3
-78.828,-24.061,S-1_2,C1R4
-81.419,-24.061,S-1_2,C1R5
-61.986,-20.061,S-1_2,C2R0
-67.168,-20.061,S-1_2,C2R1
-72.35,-20.061,S-1_2,C2R2
-76.237,-20.061,S-1_2,C2R3
-78.828,-20.061,S-1_2,C2R4
-81.419,-20.061,S-1_2,C2R5
-61.986,-16.061,S-1_2,C3R0
-67.168,-16.061,S-1_2,C3R1
-72.35,-16.061,S-1_2,C3R2
-76.237,-16.061,S-1_2,C3R3
-78.828,-16.061,S-1_2,C3R4
-81.419,-16.061,S-1_2,C3R5
-61.986,-12.061,S-1_2,C4R0
-67.168,-12.061,S-1_2,C4R1
-72.35,-12.061,S-1_2,C4R2
-76.237,-12.061,S-1_2,C4R3
-78.828,-12.061,S-1_2,C4R4
-81.419,-12.061,S-1_2,C4R5
-61.986,-8.061,S-1_2,C5R0
-67.168,-8.061,S-1_2,C5R1
-72.35,-8.061,S-1_2,C5R2
-76.237,-8.061,S-1_2,C5R3
-78.828,-8.061,S-1_2,C5R4
-81.419,-8.061,S-1_2,C5R5
-61.986,-5.061,S-1_2,C6R0
-67.168,-5.061,S-1_2,C6R1
-72.35,-5.061,S-1_2,C6R2
-76.237,-5.061,S-1_2,C6R3
-78.828,-5.061,S-1_2,C6R4
-81.419,-5.061,S-1_2,C6R5
-61.986,-3.061,S-1_2,C7R0
-67.168,-3.061,S-1_2,C7R1
-72.35,-3.061,S-1_2,C7R2
-76.237,-3.061,S-1_2,C7R3
-78.828,-3.061,S-1_2,C7R4
-81.419,-3.061,S-1_2,C7R5
-61.986,-1.061,S-1_2,C8R0
-67.168,-1.061,S-1_2,C8R1
-72.35,-1.061,S-1_2,C8R2
-76.237,-1.061,S-1_2,C8R3
-78.828,-1.061,S-1_2,C8R4
-81.419,-1.061,S-1_2,C8R5
80.562,2.063,S0_-4,C0R0
75.38,2.063,S0_-4,C0R1
70.198,2.063,S0_-4,C0R2
66.311,2.063,S0_-4,C0R3
63.721,2.063,S0_-4,C0R4
61.13,2.063,S0_-4,C0R5
80.562,6.063,S0_-4,C1R0
75.38,6.063,S0_-4,C1R1
70.198,6.063,S0_-4,C1R2
66.311,6.063,S0_-4,C1R3
63.721,6.063,S0_-4,C1R4
61.13,6.063,S0_-4,C1R5
80.562,10.063,S0_-4,C2R0
75.38,10.063,S0_-4,C2R1
70.198,10.063,S0_-4,C2R2
66.311,10.063,S0_-4,C2R3
63.721,10.063,S0_-4,C2R4
61.13,10.063,S0_-4,C2R5
80.562,14.063,S0_-4,C3R0
75.38,14.063,S0_-4,C3R1
70.198,14.063,S0_-4,C3R2
66.311,14.063,S0_-4,C3R3
63.721,14.063,S0_-4,C3R4
61.13,14.063,S0_-4,C3R5
80.562,18.063,S0_-4,C4R0
75.38,18.063,S0_-4,C4R1
70.198,18.063,S0_-4,C4R2
66.311,18.063,S0_-4,C4R3
63.721,18.063,S0_-4,C4R4
61.13,18.063,S0_-4,C4R5
80.562,22.063,S0_-4,C5R0
75.38,22.063,S0_-4,C5R1
70.198,22.063,S0_-4,C5R2
66.311,22.063,S0_-4,C5R3
63.721,22.063,S0_-4,C5R4
61.13,22.063,S0_-4,C5R5
80.562,25.063,S0_-4,C6R0
75.38,25.063,S0_-4,C6R1
70.198,25.063,S0_-4,C6R2
66.311,25.063,S0_-4,C6R3
63.721,25.063,S0_-4,C6R4
61.13,25.063,S0_-4,C6R5
80.562,27.063,S0_-4,C7R0
75.38,27.063,S0_-4,C7R1
70.198,27.063,S0_-4,C7R2
66.311,27.063,S0_-4,C7R3
63.721,27.063,S0_-4,C7R4
61.13,27.063,S0_-4,C7R5
80.562,29.063,S0_-4,C8R0
75.38,29.063,S0_-4,C8R1
70.198,29.063,S0_-4,C8R2
66.311,29.063,S0_-4,C8R3
63.721,29.063,S0_-4,C8R4
61.13,29.063,S0_-4,C8R5
56.804,2.063,S0_-3,C0R0
51.622,2.063,S0_-3,C0R1
46.44,2.063,S0_-3,C0R2
42.554,2.063,S0_-3,C0R3
39.963,2.063,S0_-3,C0R4
37.372,2.063,S0_-3,C0R5
56.804,6.063,S0_-3,C1R0
51.622,6.063,S0_-3,C1R1
46.44,6.063,S0_-3,C1R2
42.554,6.063,S0_-3,C1R3
39.963,6.063,S0_-3,C1R4
37.372,6.063,S0_-3,C1R5
56.804,10.063,S0_-3,C2R0
51.622,10.063,S0_-3,C2R1
46.44,10.063,S0_-3,C2R2
42.554,10.063,S0_-3,C2R3
39.963,10.063,S0_-3,C2R4
37.372,10.063,S0_-3,C2R5
56.804,14.063,S0_-3,C3R0
51.622,14.063,S0_-3,C3R1
46.44,14.063,S0_-3,C3R2
42.554,14.063,S0_-3,C3R3
39.963,14.063,S0_-3,C3R4
37.372,14.063,S0_-3,C3R5
56.804,18.063,S0_-3,C4R0
51.622,18.063,S0_-3,C4R1
46.44,18.063,S0_-3,C4R2
42.554,18.063,S0_-3,C4R3
39.963,18.063,S0_-3,C4R4
37.372,18.063,S0_-3,C4R5
56.804,22.063,S0_-3,C5R0
51.622,22.063,S0_-3,C5R1
46.44,22.063,S0_-3,C5R2
42.554,22.063,S0_-3,C5R3
39.963,22.063,S0_-3,C5R4
37.372,22.063,S0_-3,C5R5
56.804,25.063,S0_-3,C6R0
51.622,25.063,S0_-3,C6R1
46.44,25.063,S0_-3,C6R2
42.554,25.063,S0_-3,C6R3
39.963,25.063,S0_-3,C6R4
37.372,25.063,S0_-3,C6R5
56.804,27.063,S0_-3,C7R0
51.622,27.063,S0_-3,C7R1
46.44,27.063,S0_-3,C7R2
42.554,27.063,S0_-3,C7R3
39.963,27.063,S0_-3,C7R4
37.372,27.063,S0_-3,C7R5
56.804,29.063,S0_-3,C8R0
51.622,29.063,S0_-3,C8R1
46.44,29.063,S0_-3,C8R2
42.554,29.063,S0_-3,C8R3
39.963,29.063,S0_-3,C8R4
37.372,29.063,S0_-3,C8R5
33.046,2.063,S0_-2,C0R0
27.864,2.063,S0_-2,C0R1
22.682,2.063,S0_-2,C0R2
18.796,2.063,S0_-2,C0R3
16.205,2.063,S0_-2,C0R4
13.614,2.063,S0_-2,C0R5
33.046,6.063,S0_-2,C1R0
27.864,6.063,S0_-2,C1R1
22.682,6.063,S0_-2,C1R2
18.796,6.063,S0_-2,C1R3
16.205,6.063,S0_-2,C1R4
13.614,6.063,S0_-2,C1R5
33.046,10.063,S0_-2,C2R0
27.864,10.063,S0_-2,C2R1
22.682,10.063,S0_-2,C2R2
18.796,10.063,S0_-2,C2R3
16.205,10.063,S0_-2,C2R4
13.614,10.063,S0_-2,C2R5
33.046,14.063,S0_-2,C3R0
27.864,14.063,S0_-2,C3R1
22.682,14.063,S0_-2,C3R2
18.796,14.063,S0_-2,C3R3
16.205,14.063,S0_-2,C3R4
13.614,14.063,S0_-2,C3R5
33.046,18.063,S0_-2,C4R0
27.864,18.063,S0_-2,C4R1
22.682,18.063,S0_-2,C4R2
18.796,18.063,S0_-2,C4R3
16.205,18.063,S0_-2,C4R4
13.614,18.063,S0_-2,C4R5
33.046,22.063,S0_-2,C5R0
27.864,22.063,S0_-2,C5R1
22.682,22.063,S0_-2,C5R2
18.796,22.063,S0_-2,C5R3
16.205,22.063,S0_-2,C5R4
13.614,22.063,S0_-2,C5R5
33.046,25.063,S0_-2,C6R0
27.864,25.063,S0_-2,C6R1
22.682,25.063,S0_-2,C6R2
18.796,25.063,S0_-2,C6R3
16.205,25.063,S0_-2,C6R4
13.614,25.063,S0_-2,C6R5
33.046,27.063,S0_-2,C7R0
27.864,27.063,S0_-2,C7R1
22.682,27.063,S0_-2,C7R2
18.796,27.063,S0_-2,C7R3
16.205,27.063,S0_-2,C7R4
13.614,27.063,S0_-2,C7R5
33.046,29.063,S0_-2,C8R0
27.864,29.063,S0_-2,C8R1
22.682,29.063,S0_-2,C8R2
18.796,29.063,S0_-2,C8R3
16.205,29.063,S0_-2,C8R4
13.614,29.063,S0_-2,C8R5
9.288,2.063,S0_-1,C0R0
4.106,2.063,S0_-1,C0R1
-1.076,2.063,S0_-1,C0R2
-4.962,2.063,S0_-1,C0R3
-7.553,2.063,S0_-1,C0R4
-10.144,2.063,S0_-1,C0R5
9.288,6.063,S0_-1,C1R0
4.106,6.063,S0_-1,C1R1
-1.076,6.063,S0_-1,C1R2
-4.962,6.063,S0_-1,C1R3
-7.553,6.063,S0_-1,C1R4
-10.144,6.063,S0_-1,C1R5
9.288,10.063,S0_-1,C2R0
4.106,10.063,S0_-1,C2R1
-1.076,10.063,S0_-1,C2R2
-4.962,10.063,S0_-1,C2R3
-7.553,10.063,S0_-1,C2R4
-10.144,10.063,S0_-1,C2R5
9.288,14.063,S0_-1,C3R0
4.106,14.063,S0_-1,C3R1
-1.076,14.063,S0_-1,C3R2
-4.962,14.063,S0_-1,C3R3
-7.553,14.063,S0_-1,C3R4
-10.144,14.063,S0_-1,C3R5
9.288,18.063,S0_-1,C4R0
4.106,18.063,S0_-1,C4R1
-1.076,18.063,S0_-1,C4R2
-4.962,18.063,S0_-1,C4R3
-7.553,18.063,S0_-1,C4R4
-10.144,18.063,S0_-1,C4R5
9.288,22.063,S0_-1,C5R0
4.106,22.063,S0_-1,C5R1
-1.076,22.063,S0_-1,C5R2
-4.962,22.063,S0_-1,C5R3
-7.553,22.063,S0_-1,C5R4
-10.144,22.063,S0_-1,C5R5
9.288,25.063,S0_-1,C6R0
4.106,25.063,S0_-1,C6R1
-1.076,25.063,S0_-1,C6R2
-4.962,25.063,S0_-1,C6R3
-7.553,25.063,S0_-1,C6R4
-10.144,25.063,S0_-1,C6R5
9.288,27.063,S0_-1,C7R0
4.106,27.063,S0_-1,C7R1
-1.076,27.063,S0_-1,C7R2
-4.962,27.063,S0_-1,C7R3
-7.553,27.063,S0_-1,C7R4
-10.144,27.063,S0_-1,C7R5
9.288,29.063,S0_-1,C8R0
4.106,29.063,S0_-1,C8R1
-1.076,29.063,S0_-1,C8R2
-4.962,29.063,S0_-1,C8R3
-7.553,29.063,S0_-1,C8R4
-10.144,29.063,S0_-1,C8R5
-14.47,2.063,S0_0,C0R0
-19.652,2.063,S0_0,C0R1
-24.834,2.063,S0_0,C0R2
-28.721,2.063,S0_0,C0R3
-31.311,2.063,S0_0,C0R4
-33.902,2.063,S0_0,C0R5
-14.47,6.063,S0_0,C1R0
-19.652,6.063,S0_0,C1R1
-24.834,6.063,S0_0,C1R2
-28.721,6.063,S0_0,C1R3
-31.311,6.063,S0_0,C1R4
-33.902,6.063,S0_0,C1R5
-14.47,10.063,S0_0,C2R0
-19.652,10.063,S0_0,C2R1
-24.834,10.063,S0_0,C2R2
-28.721,10.063,S0_0,C2R3
-31.311,10.063,S0_0,C2R4
-33.902,10.063,S0_0,C2R5
-14.47,14.063,S0_0,C3R0
-19.652,14.063,S0_0,C3R1
-24.834,14.063,S0_0,C3R2
-28.721,14.063,S0_0,C3R3
-31.311,14.063,S0_0,C3R4
-33.902,14.063,S0_0,C3R5
-14.47,18.063,S0_0,C4R0
-19.652,18.063,S0_0,C4R1
-24.834,18.063,S0_0,C4R2
-28.721,18.063,S0_0,C4R3
-31.311,18.063,S0_0,C4R4
-33.902,18.063,S0_0,C4R5
-14.47,22.063,S0_0,C5R0
-19.652,22.063,S0_0,C5R1
-24.834,22.063,S0_0,C5R2
-28.721,22.063,S0_0,C5R3
-31.311,22.063,S0_0,C5R4
-33.902,22.063,S0_0,C5R5
-14.47,25.063,S0_0,C6R0
-19.652,25.063,S0_0,C6R1
-24.834,25.063,S0_0,C6R2
-28.721,25.063,S0_0,C6R3
-31.311,25.063,S0_0,C6R4
-33.902,25.063,S0_0,C6R5
-14.47,27.063,S0_0,C7R0
-19.652,27.063,S0_0,C7R1
-24.834,27.063,S0_0,C7R2
-28.721,27.063,S0_0,C7R3
-31.311,27.063,S0_0,C7R4
-33.902,27.063,S0_0,C7R5
-14.47,29.063,S0_0,C8R0
-19.652,29.063,S0_0,C8R1
-24.834,29.063,S0_0,C8R2
-28.721,29.063,S0_0,C8R3
-31.311,29.063,S0_0,C8R4
-33.902,29.063,S0_0,C8R5
-38.228,2.063,S0_1,C0R0
-43.41,2.063,S0_1,C0R1
-48.592,2.063,S0_1,C0R2
-52.478,2.063,S0_1,C0R3
-55.069,2.063,S0_1,C0R4
-57.66,2.063,S0_1,C0R5
-38.228,6.063,S0_1,C1R0
-43.41,6.063,S0_1,C1R1
-48.592,6.063,S0_1,C1R2
-52.478,6.063,S0_1,C1R3
-55.069,6.063,S0_1,C1R4
-57.66,6.063,S0_1,C1R5
-38.228,10.063,S0_1,C2R0
-43.41,10.063,S0_1,C2R1
-48.592,10.063,S0_1,C2R2
-52.478,10.063,S0_1,C2R3
-55.069,10.063,S0_1,C2R4
-57.66,10.063,S0_1,C2R5
-38.228,14.063,S0_1,C3R0
-43.41,14.063,S0_1,C3R1
-48.592,14.063,S0_1,C3R2
-52.478,14.063,S0_1,C3R3
-55.069,14.063,S0_1,C3R4
-57.66,14.063,S0_1,C3R5
-38.228,18.063,S0_1,C4R0
-43.41,18.063,S0_1,C4R1
-48.592,18.063,S0_1,C4R2
-52.478,18.063,S0_1,C4R3
-55.069,18.063,S0_1,C4R4
-57.66,18.063,S0_1,C4R5
-38.228,22.063,S0_1,C5R0
-43.41,22.063,S0_1,C5R1
-48.592,22.063,S0_1,C5R2
-52.478,22.063,S0_1,C5R3
-55.069,22.063,S0_1,C5R4
-57.66,22.063,S0_1,C5R5
-38.228,25.063,S0_1,C6R0
-43.41,25.063,S0_1,C6R1
-48.592,25.063,S0_1,C6R2
-52.478,25.063,S0_1,C6R3
-55.069,25.063,S0_1,C6R4
-57.66,25.063,S0_1,C6R5
-38.228,27.063,S0_1,C7R0
-43.41,27.063,S0_1,C7R1
-48.592,27.063,S0_1,C7R2
-52.478,27.063,S0_1,C7R3
-55.069,27.063,S0_1,C7R4
-57.66,27.063,S0_1,C7R5
-38.228,29.063,S0_1,C8R0
-43.41,29.063,S0_1,C8R1
-48.592,29.063,S0_1,C8R2
-52.478,29.063,S0_1,C8R3
-55.069,29.063,S0_1,C8R4
-57.66,29.063,S0_1,C8R5
-61.986,2.063,S0_2,C0R0
-67.168,2.063,S0_2,C0R1
-72.35,2.063,S0_2,C0R2
-76.237,2.063,S0_2,C0R3
-78.828,2.063,S0_2,C0R4
-81.419,2.063,S0_2,C0R5
-61.986,6.063,S0_2,C1R0
-67.168,6.063,S0_2,C1R1
-72.35,6.063,S0_2,C1R2
-76.237,6.063,S0_2,C1R3
-78.828,6.063,S0_2,C1R4
-81.419,6.063,S0_2,C1R5
-61.986,10.063,S0_2,C2R0
-67.168,10.063,S0_2,C2R1
-72.35,10.063,S0_2,C2R2
-76.237,10.063,S0_2,C2R3
-78.828,10.063,S0_2,C2R4
-81.419,10.063,S0_2,C2R5
-61.986,14.063,S0_2,C3R0
-67.168,14.063,S0_2,C3R1
-72.35,14.063,S0_2,C3R2
-76.237,14.063,S0_2,C3R3
-78.828,14.063,S0_2,C3R4
-81.419,14.063,S0_2,C3R5
-61.986,18.063,S0_2,C4R0
-67.168,18.063,S0_2,C4R1
-72.35,18.063,S0_2,C4R2
-76.237,18.063,S0_2,C4R3
-78.828,18.063,S0_2,C4R4
-81.419,18.063,S0_2,C4R5
-61.986,22.063,S0_2,C5R0
-67.168,22.063,S0_2,C5R1
-72.35,22.063,S0_2,C5R2
-76.237,22.063,S0_2,C5R3
-78.828,22.063,S0_2,C5R4
-81.419,22.063,S0_2,C5R5
-61.986,25.063,S0_2,C6R0
-67.168,25.063,S0_2,C6R1
-72.35,25.063,S0_2,C6R2
-76.237,25.063,S0_2,C6R3
-78.828,25.063,S0_2,C6R4
-81.419,25.063,S0_2,C6R5
-61.986,27.063,S0_2,C7R0
-67.168,27.063,S0_2,C7R1
-72.35,27.063,S0_2,C7R2
-76.237,27.063,S0_2,C7R3
-78.828,27.063,S0_2,C7R4
-81.419,27.063,S0_2,C7R5
-61.986,29.063,S0_2,C8R0
-67.168,29.063,S0_2,C8R1
-72.35,29.063,S0_2,C8R2
-76.237,29.063,S0_2,C8R3
-78.828,29.063,S0_2,C8R4
-81.419,29.063,S0_2,C8R5
80.562,32.187,S1_-4,C0R0
75.38,32.187,S1_-4,C0R1
70.198,32.187,S1_-4,C0R2
66.311,32.187,S1_-4,C0R3
63.721,32.187,S1_-4,C0R4
61.13,32.187,S1_-4,C0R5
80.562,36.187,S1_-4,C1R0
75.38,36.187,S1_-4,C1R1
70.198,36.187,S1_-4,C1R2
66.311,36.187,S1_-4,C1R3
63.721,36.187,S1_-4,C1R4
61.13,36.187,S1_-4,C1R5
80.562,40.187,S1_-4,C2R0
75.38,40.187,S1_-4,C2R1
70.198,40.187,S1_-4,C2R2
66.311,40.187,S1_-4,C2R3
63.721,40.187,S1_-4,C2R4
61.13,40.187,S1_-4,C2R5
80.562,44.187,S1_-4,C3R0
75.38,44.187,S1_-4,C3R1
70.198,44.187,S1_-4,C3R2
66.311,44.187,S1_-4,C3R3
63.721,44.187,S1_-4,C3R4
61.13,44.187,S1_-4,C3R5
75.38,48.187,S1_-4,C4R1
70.198,48.187,S1_-4,C4R2
66.311,48.187,S1_-4,C4R3
63.721,48.187,S1_-4,C4R4
61.13,48.187,S1_-4,C4R5
75.38,52.187,S1_-4,C5R1
70.198,52.187,S1_-4,C5R2
66.311,52.187,S1_-4,C5R3
63.721,52.187,S1_-4,C5R4
61.13,52.187,S1_-4,C5R5
75.38,55.187,S1_-4,C6R1
70.198,55.187,S1_-4,C6R2
66.311,55.187,S1_-4,C6R3
63.721,55.187,S1_-4,C6R4
61.13,55.187,S1_-4,C6R5
70.198,57.187,S1_-4,C7R2
66.311,57.187,S1_-4,C7R3
63.721,57.187,S1_-4,C7R4
61.13,57.187,S1_-4,C7R5
70.198,59.187,S1_-4,C8R2
66.311,59.187,S1_-4,C8R3
63.721,59.187,S1_-4,C8R4
61.13,59.187,S1_-4,C8R5
56.804,32.187,S1_-3,C0R0
51.622,32.187,S1_-3,C0R1
46.44,32.187,S1_-3,C0R2
42.554,32.187,S1_-3,C0R3
39.963,32.187,S1_-3,C0R4
37.372,32.187,S1_-3,C0R5
56.804,36.187,S1_-3,C1R0
51.622,36.187,S1_-3,C1R1
46.44,36.187,S1_-3,C1R2
42.554,36.187,S1_-3,C1R3
39.963,36.187,S1_-3,C1R4
37.372,36.187,S1_-3,C1R5
56.804,40.187,S1_-3,C2R0
51.622,40.187,S1_-3,C2R1
46.44,40.187,S1_-3,C2R2
42.554,40.187,S1_-3,C2R3
39.963,40.187,S1_-3,C2R4
37.372,40.187,S1_-3,C2R5
56.804,44.187,S1_-3,C3R0
51.622,44.187,S1_-3,C3R1
46.44,44.187,S1_-3,C3R2
42.554,44.187,S1_-3,C3R3
39.963,44.187,S1_-3,C3R4
37.372,44.187,S1_-3,C3R5
56.804,48.187,S1_-3,C4R0
51.622,48.187,S1_-3,C4R1
46.44,48.187,S1_-3,C4R2
42.554,48.187,S1_-3,C4R3
39.963,48.187,S1_-3,C4R4
37.372,48.187,S1_-3,C4R5
56.804,52.187,S1_-3,C5R0
51.622,52.187,S1_-3,C5R1
46.44,52.187,S1_-3,C5R2
42.554,52.187,S1_-3,C5R3
39.963,52.187,S1_-3,C5R4
37.372,52.187,S1_-3,C5R5
56.804,55.187,S1_-3,C6R0
51.622,55.187,S1_-3,C6R1
46.44,55.187,S1_-3,C6R2
42.554,55.187,S1_-3,C6R3
39.963,55.187,S1_-3,C6R4
37.372,55.187,S1_-3,C6R5
56.804,57.187,S1_-3,C7R0
51.622,57.187,S1_-3,C7R1
46.44,57.187,S1_-3,C7R2
42.554,57.187,S1_-3,C7R3
39.963,57.187,S1_-3,C7R4
37.372,57.187,S1_-3,C7R5
56.804,59.187,S1_-3,C8R0
51.622,59.187,S1_-3,C8R1
46.44,59.187,S1_-3,C8R2
42.554,59.187,S1_-3,C8R3
39.963,59.187,S1_-3,C8R4
37.372,59.187,S1_-3,C8R5
33.046,32.187,S1_-2,C0R0
27.864,32.187,S1_-2,C0R1
22.682,32.187,S1_-2,C0R2
18.796,32.187,S1_-2,C0R3
16.205,32.187,S1_-2,C0R4
13.614,32.187,S1_-2,C0R5
33.046,36.187,S1_-2,C1R0
27.864,36.187,S1_-2,C1R1
22.682,36.187,S1_-2,C1R2
18.796,36.187,S1_-2,C1R3
16.205,36.187,S1_-2,C1R4
13.614,36.187,S1_-2,C1R5
33.046,40.187,S1_-2,C2R0
27.864,40.187,S1_-2,C2R1
22.682,40.187,S1_-2,C2R2
18.796,40.187,S1_-2,C2R3
16.205,40.187,S1_-2,C2R4
13.614,40.187,S1_-2,C2R5
33.046,44.187,S1_-2,C3R0
27.864,44.187,S1_-2,C3R1
22.682,44.187,S1_-2,C3R2
18.796,44.187,S1_-2,C3R3
16.205,44.187,S1_-2,C3R4
13.614,44.187,S1_-2,C3R5
33.046,48.187,S1_-2,C4R0
27.864,48.187,S1_-2,C4R1
22.682,48.187,S1_-2,C4R2
18.796,48.187,S1_-2,C4R3
16.205,48.187,S1_-2,C4R4
13.614,48.187,S1_-2,C4R5
33.046,52.187,S1_-2,C5R0
27.864,52.187,S1_-2,C5R1
22.682,52.187,S1_-2,C5R2
18.796,52.187,S1_-2,C5R3
16.205,52.187,S1_-2,C5R4
13.614,52.187,S1_-2,C5R5
33.046,55.187,S1_-2,C6R0
27.864,55.187,S1_-2,C6R1
22.682,55.187,S1_-2,C6R2
18.796,55.187,S1_-2,C6R3
16.205,55.187,S1_-2,C6R4
13.614,55.187,S1_-2,C6R5
33.046,57.187,S1_-2,C7R0
27.864,57.187,S1_-2,C7R1
22.682,57.187,S1_-2,C7R2
18.796,57.187,S1_-2,C7R3
16.205,57.187,S1_-2,C7R4
13.614,57.187,S1_-2,C7R5
33.046,59.187,S1_-2,C8R0
27.864,59.187,S1_-2,C8R1
22.682,59.187,S1_-2,C8R2
18.796,59.187,S1_-2,C8R3
16.205,59.187,S1_-2,C8R4
13.614,59.187,S1_-2,C8R5
9.288,32.187,S1_-1,C0R0
4.106,32.187,S1_-1,C0R1
-1.076,32.187,S1_-1,C0R2
-4.962,32.187,S1_-1,C0R3
-7.553,32.187,S1_-1,C0R4
-10.144,32.187,S1_-1,C0R5
9.288,36.187,S1_-1,C1R0
4.106,36.187,S1_-1,C1R1
-1.076,36.187,S1_-1,C1R2
-4.962,36.187,S1_-1,C1R3
-7.553,36.187,S1_-1,C1R4
-10.144,36.187,S1_-1,C1R5
9.288,40.187,S1_-1,C2R0
4.106,40.187,S1_-1,C2R1
-1.076,40.187,S1_-1,C2R2
-4.962,40.187,S1_-1,C2R3
-7.553,40.187,S1_-1,C2R4
-10.144,40.187,S1_-1,C2R5
9.288,44.187,S1_-1,C3R0
4.106,44.187,S1_-1,C3R1
-1.076,44.187,S1_-1,C3R2
-4.962,44.187,S1_-1,C3R3
-7.553,44.187,S1_-1,C3R4
-10.144,44.187,S1_-1,C3R5
9.288,48.187,S1_-1,C4R0
4.106,48.187,S1_-1,C4R1
-1.076,48.187,S1_-1,C4R2
-4.962,48.187,S1_-1,C4R3
-7.553,48.187,S1_-1,C4R4
-10.144,48.187,S1_-1,C4R5
9.288,52.187,S1_-1,C5R0
4.106,52.187,S1_-1,C5R1
-1.076,52.187,S1_-1,C5R2
-4.962,52.187,S1_-1,C5R3
-7.553,52.187,S1_-1,C5R4
-10.144,52.187,S1_-1,C5R5
9.288,55.187,S1_-1,C6R0
4.106,55.187,S1_-1,C6R1
-1.076,55.187,S1_-1,C6R2
-4.962,55.187,S1_-1,C6R3
-7.553,55.187,S1_-1,C6R4
-10.144,55.187,S1_-1,C6R5
9.288,57.187,S1_-1,C7R0
4.106,57.187,S1_-1,C7R1
-1.076,57.187,S1_-1,C7R2
-4.962,57.187,S1_-1,C7R3
-7.553,57.187,S1_-1,C7R4
-10.144,57.187,S1_-1,C7R5
9.288,59.187,S1_-1,C8R0
4.106,59.187,S1_-1,C8R1
-1.076,59.187,S1_-1,C8R2
-4.962,59.187,S1_-1,C8R3
-7.553,59.187,S1_-1,C8R4
-10.144,59.187,S1_-1,C8R5
-14.47,32.187,S1_0,C0R0
-19.652,32.187,S1_0,C0R1
-24.834,32.187,S1_0,C0R2
-28.721,32.187,S1_0,C0R3
-31.311,32.187,S1_0,C0R4
-33.902,32.187,S1_0,C0R5
-14.47,36.187,S1_0,C1R0
-19.652,36.187,S1_0,C1R1
-24.834,36.187,S1_0,C1R2
-28.721,36.187,S1_0,C1R3
-31.311,36.187,S1_0,C1R4
-33.902,36.187,S1_0,C1R5
-14.47,40.187,S1_0,C2R0
-19.652,40.187,S1_0,C2R1
-24.834,40.187,S1_0,C2R2
-28.721,40.187,S1_0,C2R3
-31.311,40.187,S1_0,C2R4
-33.902,40.187,S1_0,C2R5
-14.47,44.187,S1_0,C3R0
-19.652,44.187,S1_0,C3R1
-24.834,44.187,S1_0,C3R2
-28.721,44.187,S1_0,C3R3
-31.311,44.187,S1_0,C3R4
-33.902,44.187,S1_0,C3R5
-14.47,48.187,S1_0,C4R0
-19.652,48.187,S1_0,C4R1
-24.834,48.187,S1_0,C4R2
-28.721,48.187,S1_0,C4R3
-31.311,48.187,S1_0,C4R4
-33.902,48.187,S1_0,C4R5
-14.47,52.187,S1_0,C5R0
-19.652,52.187,S1_0,C5R1
-24.834,52.187,S1_0,C5R2
-28.721,52.187,S1_0,C5R3
-31.311,52.187,S1_0,C5R4
-33.902,52.187,S1_0,C5R5
-14.47,55.187,S1_0,C6R0
-19.652,55.187,S1_0,C6R1
-24.834,55.187,S1_0,C6R2
-28.721,55.187,S1_0,C6R3
-31.311,55.187,S1_0,C6R4
-33.902,55.187,S1_0,C6R5
-14.47,57.187,S1_0,C7R0
-19.652,57.187,S1_0,C7R1
-24.834,57.187,S1_0,C7R2
-28.721,57.187,S1_0,C7R3
-31.311,57.187,S1_0,C7R4
-33.902,57.187,S1_0,C7R5
-14.47,59.187,S1_0,C8R0
-19.652,59.187,S1_0,C8R1
-24.834,59.187,S1_0,C8R2
-28.721,59.187,S1_0,C8R3
-31.311,59.187,S1_0,C8R4
-33.902,59.187,S1_0,C8R5
-38.228,32.187,S1_1,C0R0
-43.41,32.187,S1_1,C0R1
-48.592,32.187,S1_1,C0R2
-52.478,32.187,S1_1,C0R3
-55.069,32.187,S1_1,C0R4
-57.66,32.187,S1_1,C0R5
-38.228,36.187,S1_1,C1R0
-43.41,36.187,S1_1,C1R1
-48.592,36.187,S1_1,C1R2
-52.478,36.187,S1_1,C1R3
-55.069,36.187,S1_1,C1R4
-57.66,36.187,S1_1,C1R5
-38.228,40.187,S1_1,C2R0
-43.41,40.187,S1_1,C2R1
-48.592,40.187,S1_1,C2R2
-52.478,40.187,S1_1,C2R3
-55.069,40.187,S1_1,C2R4
-57.66,40.187,S1_1,C2R5
-38.228,44.187,S1_1,C3R0
-43.41,44.187,S1_1,C3R1
-48.592,44.187,S1_1,C3R2
-52.478,44.187,S1_1,C3R3
-55.069,44.187,S1_1,C3R4
-57.66,44.187,S1_1,C3R5
-38.228,48.187,S1_1,C4R0
-43.41,48.187,S1_1,C4R1
-48.592,48.187,S1_1,C4R2
-52.478,48.187,S1_1,C4R3
-55.069,48.187,S1_1,C4R4
-57.66,48.187,S1_1,C4R5
-38.228,52.187,S1_1,C5R0
-43.41,52.187,S1_1,C5R1
-48.592,52.187,S1_1,C5R2
-52.478,52.187,S1_1,C5R3
-55.069,52.187,S1_1,C5R4
-57.66,52.187,S1_1,C5R5
-38.228,55.187,S1_1,C6R0
-43.41,55.187,S1_1,C6R1
-48.592,55.187,S1_1,C6R2
-52.478,55.187,S1_1,C6R3
-55.069,55.187,S1_1,C6R4
-57.66,55.187,S1_1,C6R5
-38.228,57.187,S1_1,C7R0
-43.41,57.187,S1_1,C7R1
-48.592,57.187,S1_1,C7R2
-52.478,57.187,S1_1,C7R3
-55.069,57.187,S1_1,C7R4
-57.66,57.187,S1_1,C7R5
-38.228,59.187,S1_1,C8R0
-43.41,59.187,S1_1,C8R1
-48.592,59.187,S1_1,C8R2
-52.478,59.187,S1_1,C8R3
-55.069,59.187,S1_1,C8R4
-57.66,59.187,S1_1,C8R5
-61.986,32.187,S1_2,C0R0
-67.168,32.187,S1_2,C0R1
-72.35,32.187,S1_2,C0R2
-76.237,32.187,S1_2,C0R3
-78.828,32.187,S1_2,C0R4
-81.419,32.187,S1_2,C0R5
-61.986,36.187,S1_2,C1R0
-67.168,36.187,S1_2,C1R1
-72.35,36.187,S1_2,C1R2
-76.237,36.187,S1_2,C1R3
-78.828,36.187,S1_2,C1R4
-81.419,36.187,S1_2,C1R5
-61.986,40.187,S1_2,C2R0
-67.168,40.187,S1_2,C2R1
-72.35,40.187,S1_2,C2R2
-76.237,40.187,S1_2,C2R3
-78.828,40.187,S1_2,C2R4
-81.419,40.187,S1_2,C2R5
-61.986,44.187,S1_2,C3R0
-67.168,44.187,S1_2,C3R1
-72.35,44.187,S1_2,C3R2
-76.237,44.187,S1_2,C3R3
-78.828,44.187,S1_2,C3R4
-81.419,44.187,S1_2,C3R5
-61.986,48.187,S1_2,C4R0
-67.168,48.187,S1_2,C4R1
-72.35,48.187,S1_2,C4R2
-76.237,48.187,S1_2,C4R3
-78.828,48.187,S1_2,C4R4
-81.419,48.187,S1_2,C4R5
-61.986,52.187,S1_2,C5R0
-67.168,52.187,S1_2,C5R1
-72.35,52.187,S1_2,C5R2
-76.237,52.187,S1_2,C5R3
-78.828,52.187,S1_2,C5R4
-61.986,55.187,S1_2,C6R0
-67.168,55.187,S1_2,C6R1
-72.35,55.187,S1_2,C6R2
-76.237,55.187,S1_2,C6R3
-61.986,57.187,S1_2,C7R0
-67.168,57.187,S1_2,C7R1
-72.35,57.187,S1_2,C7R2
-76.237,57.187,S1_2,C7R3
-61.986,59.187,S1_2,C8R0
-67.168,59.187,S1_2,C8R1
-72.35,59.187,S1_2,C8R2
56.804,62.311,S2_-3,C0R0
51.622,62.311,S2_-3,C0R1
46.44,62.311,S2_-3,C0R2
42.554,62.311,S2_-3,C0R3
39.963,62.311,S2_-3,C0R4
37.372,62.311,S2_-3,C0R5
56.804,66.311,S2_-3,C1R0
51.622,66.311,S2_-3,C1R1
46.44,66.311,S2_-3,C1R2
42.554,66.311,S2_-3,C1R3
39.963,66.311,S2_-3,C1R4
37.372,66.311,S2_-3,C1R5
56.804,70.311,S2_-3,C2R0
51.622,70.311,S2_-3,C2R1
46.44,70.311,S2_-3,C2R2
42.554,70.311,S2_-3,C2R3
39.963,70.311,S2_-3,C2R4
37.372,70.311,S2_-3,C2R5
56.804,74.311,S2_-3,C3R0
51.622,74.311,S2_-3,C3R1
46.44,74.311,S2_-3,C3R2
42.554,74.311,S2_-3,C3R3
39.963,74.311,S2_-3,C3R4
37.372,74.311,S2_-3,C3R5
51.622,78.311,S2_-3,C4R1
46.44,78.311,S2_-3,C4R2
42.554,78.311,S2_-3,C4R3
39.963,78.311,S2_-3,C4R4
37.372,78.311,S2_-3,C4R5
42.554,82.311,S2_-3,C5R3
39.963,82.311,S2_-3,C5R4
37.372,82.311,S2_-3,C5R5
42.554,85.311,S2_-3,C6R3
39.963,85.311,S2_-3,C6R4
37.372,85.311,S2_-3,C6R5
37.372,87.311,S2_-3,C7R5
33.046,62.311,S2_-2,C0R0
27.864,62.311,S2_-2,C0R1
22.682,62.311,S2_-2,C0R2
18.796,62.311,S2_-2,C0R3
16.205,62.311,S2_-2,C0R4
13.614,62.311,S2_-2,C0R5
33.046,66.311,S2_-2,C1R0
27.864,66.311,S2_-2,C1R1
22.682,66.311,S2_-2,C1R2
18.796,66.311,S2_-2,C1R3
16.205,66.311,S2_-2,C1R4
13.614,66.311,S2_-2,C1R5
33.046,70.311,S2_-2,C2R0
27.864,70.311,S2_-2,C2R1
22.682,70.311,S2_-2,C2R2
18.796,70.311,S2_-2,C2R3
16.205,70.311,S2_-2,C2R4
13.614,70.311,S2_-2,C2R5
33.046,74.311,S2_-2,C3R0
27.864,74.311,S2_-2,C3R1
22.682,74.311,S2_-2,C3R2
18.796,74.311,S2_-2,C3R3
16.205,74.311,S2_-2,C3R4
13.614,74.311,S2_-2,C3R5
33.046,78.311,S2_-2,C4R0
27.864,78.311,S2_-2,C4R1
22.682,78.311,S2_-2,C4R2
18.796,78.311,S2_-2,C4R3
16.205,78.311,S2_-2,C4R4
13.614,78.311,S2_-2,C4R5
33.046,82.311,S2_-2,C5R0
27.864,82.311,S2_-2,C5R1
22.682,82.311,S2_-2,C5R2
18.796,82.311,S2_-2,C5R3
16.205,82.311,S2_-2,C5R4
13.614,82.311,S2_-2,C5R5
33.046,85.311,S2_-2,C6R0
27.864,85.311,S2_-2,C6R1
22.682,85.311,S2_-2,C6R2
18.796,85.311,S2_-2,C6R3
16.205,85.311,S2_-2,C6R4
13.614,85.311,S2_-2,C6R5
33.046,87.311,S2_-2,C7R0
27.864,87.311,S2_-2,C7R1
22.682,87.311,S2_-2,C7R2
18.796,87.311,S2_-2,C7R3
16.205,87.311,S2_-2,C7R4
13.614,87.311,S2_-2,C7R5
33.046,89.311,S2_-2,C8R0
27.864,89.311,S2_-2,C8R1
22.682,89.311,S2_-2,C8R2
18.796,89.311,S2_-2,C8R3
16.205,89.311,S2_-2,C8R4
13.614,89.311,S2_-2,C8R5
9.288,62.311,S2_-1,C0R0
4.106,62.311,S2_-1,C0R1
-1.076,62.311,S2_-1,C0R2
-4.962,62.311,S2_-1,C0R3
-7.553,62.311,S2_-1,C0R4
-10.144,62.311,S2_-1,C0R5
9.288,66.311,S2_-1,C1R0
4.106,66.311,S2_-1,C1R1
-1.076,66.311,S2_-1,C1R2
-4.962,66.311,S2_-1,C1R3
-7.553,66.311,S2_-1,C1R4
-10.144,66.311,S2_-1,C1R5
9.288,70.311,S2_-1,C2R0
4.106,70.311,S2_-1,C2R1
-1.076,70.311,S2_-1,C2R2
-4.962,70.311,S2_-1,C2R3
-7.553,70.311,S2_-1,C2R4
-10.144,70.311,S2_-1,C2R5
9.288,74.311,S2_-1,C3R0
4.106,74.311,S2_-1,C3R1
-1.076,74.311,S2_-1,C3R2
-4.962,74.311,S2_-1,C3R3
-7.553,74.311,S2_-1,C3R4
-10.144,74.311,S2_-1,C3R5
9.288,78.311,S2_-1,C4R0
4.106,78.311,S2_-1,C4R1
-1.076,78.311,S2_-1,C4R2
-4.962,78.311,S2_-1,C4R3
-7.553,78.311,S2_-1,C4R4
-10.144,78.311,S2_-1,C4R5
9.288,82.311,S2_-1,C5R0
4.106,82.311,S2_-1,C5R1
-1.076,82.311,S2_-1,C5R2
-4.962,82.311,S2_-1,C5R3
-7.553,82.311,S2_-1,C5R4
-10.144,82.311,S2_-1,C5R5
9.288,85.311,S2_-1,C6R0
4.106,85.311,S2_-1,C6R1
-1.076,85.311,S2_-1,C6R2
-4.962,85.311,S2_-1,C6R3
-7.553,85.311,S2_-1,C6R4
-10.144,85.311,S2_-1,C6R5
9.288,87.311,S2_-1,C7R0
4.106,87.311,S2_-1,C7R1
-1.076,87.311,S2_-1,C7R2
-4.962,87.311,S2_-1,C7R3
-7.553,87.311,S2_-1,C7R4
-10.144,87.311,S2_-1,C7R5
9.288,89.311,S2_-1,C8R0
4.106,89.311,S2_-1,C8R1
-1.076,89.311,S2_-1,C8R2
-4.962,89.311,S2_-1,C8R3
-7.553,89.311,S2_-1,C8R4
-10.144,89.311,S2_-1,C8R5
-14.47,62.311,S2_0,C0R0
-19.652,62.311,S2_0,C0R1
-24.834,62.311,S2_0,C0R2
-28.721,62.311,S2_0,C0R3
-31.311,62.311,S2_0,C0R4
-33.902,62.311,S2_0,C0R5
-14.47,66.311,S2_0,C1R0
-19.652,66.311,S2_0,C1R1
-24.834,66.311,S2_0,C1R2
-28.721,66.311,S2_0,C1R3
-31.311,66.311,S2_0,C1R4
-33.902,66.311,S2_0,C1R5
-14.47,70.311,S2_0,C2R0
-19.652,70.311,S2_0,C2R1
-24.834,70.311,S2_0,C2R2
-28.721,70.311,S2_0,C2R3
-31.311,70.311,S2_0,C2R4
-33.902,70.311,S2_0,C2R5
-14.47,74.311,S2_0,C3R0
-19.652,74.311,S2_0,C3R1
-24.834,74.311,S2_0,C3R2
-28.721,74.311,S2_0,C3R3
-31.311,74.311,S2_0,C3R4
-33.902,74.311,S2_0,C3R5
-14.47,78.311,S2_0,C4R0
-19.652,78.311,S2_0,C4R1
-24.834,78.311,S2_0,C4R2
-28.721,78.311,S2_0,C4R3
-31.311,78.311,S2_0,C4R4
-33.902,78.311,S2_0,C4R5
-14.47,82.311,S2_0,C5R0
-19.652,82.311,S2_0,C5R1
-24.834,82.311,S2_0,C5R2
-28.721,82.311,S2_0,C5R3
-31.311,82.311,S2_0,C5R4
-33.902,82.311,S2_0,C5R5
-14.47,85.311,S2_0,C6R0
-19.652,85.311,S2_0,C6R1
-24.834,85.311,S2_0,C6R2
-28.721,85.311,S2_0,C6R3
-31.311,85.311,S2_0,C6R4
-33.902,85.311,S2_0,C6R5
-14.47,87.311,S2_0,C7R0
-19.652,87.311,S2_0,C7R1
-24.834,87.311,S2_0,C7R2
-28.721,87.311,S2_0,C7R3
-31.311,87.311,S2_0,C7R4
-33.902,87.311,S2_0,C7R5
-14.47,89.311,S2_0,C8R0
-19.652,89.311,S2_0,C8R1
-24.834,89.311,S2_0,C8R2
-28.721,89.311,S2_0,C8R3
-31.311,89.311,S2_0,C8R4
-33.902,89.311,S2_0,C8R5
-38.228,62.311,S2_1,C0R0
-43.41,62.311,S2_1,C0R1
-48.592,62.311,S2_1,C0R2
-52.478,62.311,S2_1,C0R3
-55.069,62.311,S2_1,C0R4
-57.66,62.311,S2_1,C0R5
-38.228,66.311,S2_1,C1R0
-43.41,66.311,S2_1,C1R1
-48.592,66.311,S2_1,C1R2
-52.478,66.311,S2_1,C1R3
-55.069,66.311,S2_1,C1R4
-57.66,66.311,S2_1,C1R5
-38.228,70.311,S2_1,C2R0
-43.41,70.311,S2_1,C2R1
-48.592,70.311,S2_1,C2R2
-52.478,70.311,S2_1,C2R3
-55.069,70.311,S2_1,C2R4
-57.66,70.311,S2_1,C2R5
-38.228,74.311,S2_1,C3R0
-43.41,74.311,S2_1,C3R1
-48.592,74.311,S2_1,C3R2
-52.478,74.311,S2_1,C3R3
-55.069,74.311,S2_1,C3R4
-57.66,74.311,S2_1,C3R5
-38.228,78.311,S2_1,C4R0
-43.41,78.311,S2_1,C4R1
-48.592,78.311,S2_1,C4R2
-52.478,78.311,S2_1,C4R3
-38.228,82.311,S2_1,C5R0
-43.41,82.311,S2_1,C5R1
-38.228,85.311,S2_1,C6R0
